description,biddable,startprice,condition,cellular,carrier,color,storage,productline,UniqueID,retailprice
like new,0,105,Used,1,AT&T,Unknown,32,iPad 1,11862,329
"Item is in great shape. I upgraded to the iPad Air 2 and don&#039;t need the mini any longer, even though ",0,195,Used,0,None,Unknown,16,iPad mini 2,11863,299
This iPad is working and is tested 100%. It runs great. It is in good condition. Cracked digitizer.,0,219.99,Used,0,None,Unknown,64,iPad 3,11864,349
,1,100,Used,0,None,Unknown,16,iPad mini,11865,209
Grade A condition means that the Ipad is 100% working condition. Cosmetically 8/9 out of 10 - Will ,0,210.99,Manufacturer refurbished,0,None,Black,32,iPad 3,11866,299
Brand new factory sealed iPad in an OPEN BOX...THE BOX ITSELF IS HEAVILY DISTRESSED(see ,0,514.95,New other (see details),0,None,Gold,64,iPad Air 2,11867,599
Good Condition! Fully Functional!,0,79.99,Seller refurbished,0,None,Black,32,iPad 1,11868,199
Clean iPad 4th generation,0,250,Used,0,None,Unknown,16,iPad 4,11869,299
Item has been professionally tested and inspected. Tests show that all features work correctly. This ,0,149.99,Used,0,None,Black,16,iPad 3,11870,249
,1,75,Used,0,None,Unknown,32,iPad 1,11871,199
Please read details below. Good working condition.  Home button doesn&#039;t feel right (it&#039;s &#034;softer&#034; ,0,145.49,Used,0,None,Unknown,16,iPad 2,11872,199
This iPad Mini 2 is gently used. The item shows very minor signs of use. Used less than 1 week. ,0,249,Used,1,AT&T,Space Gray,16,iPad mini 2,11873,429
"Screen is in excellent shape, no visible cracks or scratches.",0,153.95,Seller refurbished,0,None,Black,32,iPad 2,11874,249
,1,150,Used,1,AT&T,Black,64,iPad 3,11875,479
"it has two cracks on two corners, check pictures to see",0,274,Used,0,None,Unknown,32,iPad Air,11876,499
,1,250,Used,1,Unknown,Space Gray,128,iPad mini 2,11877,579
mint condition,1,250,Used,0,None,White,16,iPad Air,11878,399
,0,130,Used,0,None,Unknown,16,iPad 2,11879,199
,0,229.99,Used,1,Verizon,Unknown,32,iPad 3,11880,429
,1,289,Used,0,None,Space Gray,128,iPad mini 2,11881,449
"B - Stock. Seller refurbished &amp; in Very Good cosmetic condition. 100% Fully Functional, iCloud ",0,303.99,Seller refurbished,0,None,White,64,iPad 4,11882,399
,0,279.5,New,1,Verizon,Black,16,iPad mini,11883,309
Open Box Return (Excellent Physical Condition),0,239.99,New other (see details),0,None,Black,16,iPad 2,11884,199
,0,80,Used,0,None,Black,32,iPad 1,11885,199
,0,345,New,0,None,Gold,16,iPad mini 3,11886,399
"3 of 5. This item is used. The item shows average signs of wear and tear including scuff marks, ",0,239.99,Used,1,AT&T,Unknown,64,iPad 3,11887,479
,0,269.85,Seller refurbished,0,None,Black,16,iPad Air,11888,399
,0,280,New,0,None,White,16,Unknown,11889,299
We are selling good quality iPads that have been fully tested by an Apple Certified Technician. The ,0,212.99,Seller refurbished,0,None,Black,64,iPad mini,11890,299
,1,0.01,Seller refurbished,0,None,Unknown,64,iPad 4,11891,399
great working iPad 2,0,139,Used,0,None,White,16,iPad 2,11892,199
MINT CONDITION,1,250,Used,0,None,Black,16,iPad Air,11893,399
Overall Very Good Condition with minor wear on the outer casing and and minor scratches on the ,0,129.95,Used,0,None,Black,32,iPad 2,11894,249
,0,559,New other (see details),0,None,Gold,64,iPad Air 2,11895,599
Great condition! No cracks or damage to iPad.,0,499,Used,1,Unknown,Space Gray,16,iPad Air 2,11896,629
In excellent condition,0,245,Used,0,None,Unknown,16,iPad mini 2,11897,299
,0,250,Manufacturer refurbished,1,AT&T,Black,32,iPad 3,11898,429
Device is in AVERAGE used cosmetic condition with heavy scratches and wear.Device is in 100% working ,0,79.94,Used,0,None,Unknown,64,iPad 1,11899,249
,0,219.85,Seller refurbished,1,Unknown,Black,64,iPad 2,11900,429
"Very Good Condition. Flawless screen, only blemish is a small scratch in the bottom right-hand ",1,199.99,Used,0,None,White,16,iPad 4,11901,299
Brand new in sealed retail box.,1,199.99,New other (see details),0,None,Space Gray,64,iPad Air 2,11902,599
,0,295,Used,Unknown,Unknown,Unknown,Unknown,Unknown,11903,NA
â€œBEST BUY REFURB. Cosmetic condition is 8 of 10.SCREEN IS EXCELLENTâ€ù NOT IN ORIGINAL BOXâ€ùâ€ù,0,359.99,Manufacturer refurbished,0,None,Unknown,128,iPad Air,11904,699
"This item is Used &amp; in Heavily Used cosmetic condition - 100% Fully Functional, Clean IMEI &amp; iCloud, ",0,256.24,Seller refurbished,0,None,Space Gray,16,iPad Air,11905,399
,1,25,Used,1,AT&T,Unknown,16,iPad 1,11906,279
,0,299.99,Used,1,AT&T,Space Gray,16,iPad Air,11907,529
In a case since I bought it. One owner lightly used.  No dead pixels. No marks on case or screen. ,0,199.99,Used,0,None,White,32,iPad 2,11908,249
,0,640,New,Unknown,Unknown,Unknown,Unknown,Unknown,11909,NA
This TAB is in average condition with some scratches on the housing or screen (does not affect ,0,145,Used,1,Verizon,White,32,iPad 2,11910,379
like new,0,170,Used,0,None,Unknown,16,iPad 1,11911,149
,0,284.99,Used,Unknown,Unknown,Gold,16,iPad mini 3,11912,399
,1,50,Used,0,None,Black,16,iPad 1,11913,149
great condition,1,200,Used,0,None,Black,64,iPad 2,11914,299
Used ipad 3 64gb   Has dings on 3 corners.  Light scratches on glass.,0,235,Used,1,Unknown,Unknown,64,iPad 3,11915,479
,0,619,New,0,None,Unknown,128,iPad Air 2,11916,699
,0,369.99,Used,1,Verizon,Space Gray,32,iPad Air,11917,579
Like NEW!!,1,100,Used,0,None,Unknown,16,iPad mini,11918,209
A device listed in good condition with a few minor mark and/or scratches on the housing or display ,0,169,Used,0,None,White,64,iPad 2,11919,299
Like new,0,219.99,Manufacturer refurbished,0,None,White,16,iPad 3,11920,249
"*FREE* Same-Day Ship | 90-Day Warranty | 100% Functional, Includes All Major Accessories, Shows ",0,199.69,Seller refurbished,0,None,White,16,iPad 3,11921,249
Passcode locked. New Screen.  See Photos.,1,69.5,Used,0,None,Black,16,iPad 2,11922,199
,1,1,New,0,None,White,32,iPad Air,11923,499
,1,275,Used,Unknown,Unknown,Unknown,64,iPad 3,11924,349
The volume button is a little touchy but I think you can get this fixed pretty easily. It doesn&#039;t ,1,0.99,Used,0,None,White,16,iPad Air,11925,399
"&#039;Grade B&#039; Refurbished Product w/ 30 Day Warranty - May Contain Scuffs, Dings, Dents, and/or other ",0,199.99,Manufacturer refurbished,1,AT&T,Black,32,iPad 2,11926,379
,1,99.99,Used,0,None,Black,16,iPad mini,11927,209
,0,175,Used,0,None,White,16,iPad mini 3,11928,399
,0,285,New other (see details),0,None,White,32,iPad mini 2,11929,349
,1,0.99,Used,0,None,Unknown,16,iPad 2,11930,199
,0,150,Used,0,None,Unknown,16,iPad 2,11931,199
,0,329,New,0,None,Black,16,iPad mini 2,11932,299
,1,180,Used,1,T-Mobile,White,16,iPad mini 2,11933,429
"This is an Ipad 3 with,100% functional, light sign of wear in the back but no crack , Great ",0,246,Seller refurbished,1,AT&T,Black,64,iPad 3,11934,479
USED IN MINT CONDITION,0,200,Used,1,AT&T,White,16,iPad 2,11935,329
,0,285,New,0,None,White,16,iPad mini 2,11936,299
,1,50,Used,0,None,Black,32,iPad 1,11937,199
It in excellent condition with no scratches with a anti crack screen protector already on the iPad ,1,230,Used,1,Sprint,Unknown,16,iPad mini 2,11938,429
Great condition.,0,285,Used,0,None,Unknown,16,iPad 4,11939,299
,1,175,Used,0,None,White,16,iPad 3,11940,249
,1,260,Used,1,AT&T,White,32,iPad 4,11941,479
Used but 90% new looking,1,80,New other (see details),1,Verizon,Unknown,16,iPad 3,11942,379
This TAB is in good condition with minor scratches on the housing or screen (does not affect ,0,310,Used,1,Unknown,White,64,iPad 4,11943,529
New open box. All accessories included. May have minor scratches,1,100,New other (see details),Unknown,Unknown,Unknown,Unknown,Unknown,11944,NA
new digitizer and new charger,1,0.99,Used,0,None,Unknown,16,iPad 2,11945,199
,1,99.99,Used,0,None,Unknown,16,iPad mini,11946,209
"Geek Squad certified with apple warranty till April 5, 2016",1,0.99,Seller refurbished,1,AT&T,White,32,iPad mini 2,11947,479
Please scroll all the way down to the bottom of the page and read the entire page thoroughly BEFORE ,0,239.99,Used,Unknown,Unknown,Unknown,Unknown,Unknown,11948,NA
,1,75,Used,0,None,Black,32,iPad 2,11949,249
,1,120,New,0,None,White,16,Unknown,11950,299
"This is a B Stock item, meaning the unit is in a good condition.The screen has no visible scratches ",0,269.99,Used,1,Unknown,Black,32,iPad 4,11951,479
,0,399,Used,0,None,White,16,iPad Air 2,11952,499
,1,0.45,New,0,None,White,16,iPad mini 3,11953,399
,0,223,Used,Unknown,Unknown,Unknown,Unknown,iPad mini 2,11954,NA
dent on top as shown in pictures,1,79,Used,0,None,White,16,iPad 2,11955,199
,1,0.99,Used,0,None,Unknown,16,iPad 2,11956,199
Works perfectly only upgraded,1,150,Used,1,Unknown,Black,16,Unknown,11957,429
,0,275,Used,0,None,Unknown,32,iPad 4,11958,349
"Used but in excellent condition. No dents, no cracks. Factory wiped and no activation lock.",1,99,Used,0,None,Unknown,32,iPad 3,11959,299
Excellent Condition. Keeped in case. No scratches mars etc.,1,74.5,Used,0,None,Unknown,16,iPad 1,11960,149
"Great Condtion, a few very light scuffs",1,64.99,Used,0,None,Unknown,16,iPad 1,11961,149
"iPad looks and works great. Screen is near mint, back and edges will  have some scuffing, scratches, ",0,239.88,Seller refurbished,1,Verizon,Unknown,64,iPad 3,11962,479
,0,199.99,Used,0,None,Unknown,16,iPad mini,11963,209
,0,84.99,Used,0,None,Unknown,32,iPad 1,11964,199
"This is a B Stock item, meaning the unit is in a good condition.The screen has no visible scratches ",0,269.99,Used,1,Unknown,Black,32,iPad 4,11965,479
Includes tablet and sim card .No cables.No AppleCare. Has light scratches and a dent around the ,1,65,Used,1,AT&T,Space Gray,32,iPad 1,11966,329
,1,100,Used,0,None,White,16,iPad 2,11967,199
,1,240,Used,0,None,Space Gray,64,iPad Air,11968,599
,1,90,Used,1,AT&T,Unknown,64,iPad 1,11969,379
Excellent used condition. No scratches or blemishes on  the screen or back.,1,100,Used,0,None,Unknown,16,iPad 2,11970,199
,1,150,Used,1,Verizon,Black,32,iPad 2,11971,379
,1,89.99,Used,0,None,White,16,iPad 2,11972,199
"sometimes freezes, but works.",1,0.99,Used,0,None,Unknown,16,iPad 1,11973,149
,1,0.01,New,0,None,Unknown,16,iPad Air 2,11974,499
"great condition, significant scratch, does not affect anything on Ipad, works great",1,48.99,Used,0,None,Black,16,iPad 1,11975,149
,1,225,Seller refurbished,1,Verizon,Space Gray,32,iPad mini 2,11976,479
This iPad is in decent condition. It has very subtle dents on the back (have to rotate the ipad to ,1,70,Used,0,None,Black,16,iPad 1,11977,149
,1,194,Used,1,Unknown,Black,32,iPad 2,11978,379
,1,1,Used,1,AT&T,Black,16,iPad 1,11979,279
,1,129,New other (see details),1,Verizon,Unknown,16,iPad mini,11980,309
,1,90,Used,0,None,Black,32,iPad mini,11981,249
Excellent condition see pictures.,1,80,Used,1,AT&T,Black,64,iPad 1,11982,379
,1,1,Used,0,None,Unknown,32,iPad 2,11983,249
,1,139,Used,0,None,White,16,iPad Air 2,11984,499
,1,0.99,Used,0,None,Unknown,16,iPad 2,11985,199
Item has original packaging. Original packaging has stickers on box. Device has heavy scratches.,0,179.99,Used,1,Verizon,Unknown,16,iPad mini,11986,309
,1,100,Used,0,None,White,16,iPad 3,11987,249
,0,225,Seller refurbished,0,None,White,32,iPad 3,11988,299
,1,0.99,Used,1,AT&T,Black,16,iPad mini,11989,309
,1,100,Used,0,None,Unknown,64,iPad mini,11990,299
,1,50,Used,1,AT&T,Black,16,iPad 1,11991,279
,1,150,New,1,AT&T,Unknown,16,iPad mini,11992,309
Like new,1,1,Used,1,Unknown,Unknown,128,iPad 4,11993,589
,0,419,New,0,None,Unknown,16,iPad Air 2,11994,499
,1,199,Used,0,None,Black,64,iPad mini,11995,299
Small dent in top right side. Works great.,1,95,Used,0,None,Unknown,16,iPad 2,11996,199
,1,550,Used,1,Unknown,White,128,iPad Air 2,11997, 829
,0,135,Used,0,None,Black,32,iPad 2,11998,249
,0,115,Used,0,None,Space Gray,16,iPad mini,11999,209
,1,100,Used,0,None,White,16,iPad 2,12000,199
Excellent Condition no scratches on glass.,1,85,Used,1,AT&T,Black,64,iPad 1,12001,379
,1,0.1,New other (see details),0,None,White,32,iPad 2,12002,249
iPad mini 1st gen wi-fi 16gb is in perfect working order.,1,0.99,Used,0,None,Unknown,16,iPad mini,12003,209
"Only used a handful of times, like new",1,50,Used,0,None,Unknown,16,iPad 2,12004,199
,1,49.99,Used,0,None,Black,16,iPad mini 2,12005,299
Good used condition.,1,129.99,Used,0,None,White,16,iPad mini 2,12006,299
,1,99,Used,0,None,Black,16,iPad 2,12007,199
,1,300,New,Unknown,Unknown,Unknown,Unknown,Unknown,12008,NA
"Almost like new, very few scratches.",1,150,Used,0,None,Unknown,16,iPad mini 2,12009,299
In good shape. See photos.,1,0.98,Used,1,Verizon,Unknown,32,iPad mini,12010,359
,1,0.99,Used,0,None,Black,16,iPad mini,12011,209
Used very good,0,179.99,Used,1,Verizon,White,64,iPad 2,12012,429
Great condition.,0,235.99,Manufacturer refurbished,0,None,Black,16,iPad 3,12013,249
This item is in Excellent cosmetic condition. It will not have any scratches on the screen. It may ,0,239.99,Used,1,Verizon,Black,64,iPad mini,12014,409
Excellent Condition no scratches on glass.,1,85,Used,1,AT&T,Black,64,iPad 1,12015,379
,0,190,Manufacturer refurbished,1,Sprint,Unknown,16,iPad mini,12016,309
,1,1,Used,1,AT&T,Black,16,iPad 1,12017,279
,1,0.99,Used,0,None,Unknown,32,iPad 1,12018,199
,1,85,Used,1,Verizon,Black,16,iPad 2,12019,329
,1,70,Used,0,None,Black,32,iPad 1,12020,199
,1,70,Used,0,None,Black,16,iPad 2,12021,199
,1,40,Used,0,None,White,32,iPad 1,12022,199
,1,19.99,Seller refurbished,0,None,Black,32,iPad 1,12023,199
"Glass is Lifting from Bezel, has nicks and scratches but this is Still 100% Fully Functional, Clean ",0,160,Used,1,AT&T,Unknown,16,iPad 2,12024,329
"I pad is in excellent used condition, always covered and skinned, very small scratch on screen, ",1,10,Used,0,None,Black,16,iPad 1,12025,149
,1,1,Used,1,Verizon,Unknown,16,iPad 3,12026,379
,1,1,Used,1,Verizon,Unknown,64,iPad 1,12027,379
"very good used condition, well taken care of!",1,290,Used,0,None,Unknown,16,iPad mini,12028,209
lost original box and charger but comes with USB and case,1,150,New other (see details),0,None,Unknown,16,iPad 4,12029,299
,1,0.99,Used,0,None,Black,32,iPad 1,12030,199
"Good Condition(8.25/10), 100% functional with Flawless Retina Display. Unit has a dent on upper left ",1,1,New other (see details),0,None,Black,32,iPad mini 2,12031,349
,1,259.99,Used,0,None,White,16,iPad Air,12032,399
,1,180,Used,1,AT&T,Black,64,iPad 2,12033,429
,1,288,Used,1,Verizon,Space Gray,32,iPad Air,12034,579
"C - Stock. Seller refurbished &amp; in Fair cosmetic condition. 100% Fully Functional, iCloud Clear, ",0,291.99,Seller refurbished,0,None,White,64,iPad 4,12035,399
Please read details below.,0,289.79,Used,0,None,White,16,iPad Air,12036,399
,0,90,Used,1,AT&T,Black,64,iPad 1,12037,379
This iPad is working and is tested 100%. It runs great. It is in good condition but has a small dent ,0,199.99,Used,0,None,Unknown,16,iPad 3,12038,249
,1,150,Used,1,AT&T,Black,64,iPad mini,12039,409
,0,259,Used,1,Unknown,Black,16,iPad 4,12040,429
,1,150,Used,0,None,Black,32,iPad mini,12041,249
Only used for a couple of days,1,120,Seller refurbished,0,None,Unknown,16,Unknown,12042,299
,0,499.99,Used,1,Verizon,Unknown,16,iPad Air 2,12043,629
"Shows very little wear from use. Has personalized name on back, but can easily be removed/covered up",1,93,Used,0,None,Unknown,64,iPad 1,12044,249
,1,450,New,0,None,Space Gray,64,iPad Air 2,12045,599
,1,139,Used,0,None,Unknown,16,iPad 2,12046,199
,0,520,New,0,None,Unknown,64,iPad Air 2,12047,599
,1,74.99,Used,0,None,Black,16,iPad 1,12048,149
,1,20,Used,0,None,Black,32,iPad 2,12049,249
Grade B refurbished.  No factory packaging.  Small dent in side casing (see photos).  Several ,0,249.99,Manufacturer refurbished,1,Verizon,Black,16,iPad 4,12050,429
,1,25,Used,Unknown,Unknown,Unknown,16,Unknown,12051,299
,0,175,Used,0,None,White,16,iPad 2,12052,199
,1,189,Used,0,None,Unknown,16,iPad 4,12053,299
A device listed in good condition with a few minor mark and/or scratches on the housing or display ,0,169,Used,0,None,White,64,iPad 2,12054,299
,1,29.99,Used,1,Other,Black,16,iPad 1,12055,279
,1,90,Used,1,AT&T,Unknown,64,iPad Air,12056,629
item that has been restored to working order  item is not in original packaging may have light ,0,230,Seller refurbished,0,None,White,16,iPad mini 2,12057,299
"Some scratches and tape residue visible on the back from previous owner.

Item is used and shows ",1,249.98,Used,0,None,Unknown,16,iPad Air,12058,399
Excellent condition...like new...........,1,140,Used,0,None,Unknown,16,iPad mini,12059,209
,0,145,Used,0,None,Unknown,16,iPad mini,12060,209
,1,0.01,Used,1,Unknown,White,32,iPad 1,12061,329
,1,1,Used,1,AT&T,Unknown,16,iPad mini,12062,309
Used. Absolute must-have. Some signs of use.Scratches on the back of the device. See photos. Comes ,1,195,Used,0,None,Unknown,32,iPad 4,12063,349
,1,250,Used,0,None,White,16,iPad Air 2,12064,499
,1,125,Used,0,None,Unknown,16,iPad mini,12065,209
,1,179.99,Used,0,None,Black,16,iPad 3,12066,249
,1,99.95,Used,1,Verizon,Unknown,16,iPad 3,12067,379
,1,1,Used,Unknown,Unknown,Unknown,Unknown,iPad 1,12068,NA
,0,559.99,New other (see details),0,None,Unknown,64,iPad 4,12069,399
,0,290,Used,0,None,Black,16,iPad 3,12070,249
Please read details below. There some personal greeting title on back cover from a previous owner as ,0,92.14,Used,0,None,Unknown,16,iPad 1,12071,149
,1,99.99,Used,0,None,Unknown,16,iPad 2,12072,199
,1,79,Used,Unknown,Unknown,Unknown,Unknown,iPad 1,12073,NA
Has been reset to original factory settings.,1,290,Seller refurbished,1,Verizon,White,16,iPad Air,12074,529
,1,225,Seller refurbished,1,Verizon,White,32,iPad 3,12075,429
,1,9.99,Used,0,None,Black,32,iPad 2,12076,249
"Like new. Fully functional, No damage at all.  It comes in the original apple box.",0,171.95,Used,0,None,Unknown,16,iPad mini,12077,209
"This item is used and in acceptable condition. Moderate scratches around the side and back, dented ",0,189.99,Used,1,AT&T,Unknown,16,iPad 2,12078,329
,1,199,Used,0,None,Space Gray,64,iPad mini 3,12079,499
The iPad is in very good condition. On the upper right side there is a small chip on the side of the ,1,149.99,Used,0,None,Unknown,32,iPad 3,12080,299
,1,150,New other (see details),0,None,White,16,iPad 3,12081,249
,1,99,Used,0,None,Space Gray,16,iPad mini,12082,209
The screen has a few scratches. There are a few dings around the edges. The back has a few scratches ,1,50,Used,1,Unknown,Unknown,64,iPad 1,12083,379
Minor wear and tear. Device is fully operational and in working order. No major scratches on screen ,1,0.01,Used,0,None,White,16,iPad 2,12084,199
,0,230,New,0,None,Black,16,iPad mini,12085,209
Please read details below. There some personal greeting title on back cover from a previous owner as ,0,92.14,Used,0,None,Unknown,16,iPad 1,12086,149
"Used Apple iPad 4th Generation 64GB, Wi-Fi, 9.7in - Black,has signs of wear, has been restored to ",1,0.99,Used,0,None,Black,64,iPad 4,12087,399
This TAB is in good condition with minor scratches on the housing or screen (does not affect ,0,215,Used,Unknown,Unknown,White,32,iPad 3,12088,299
"Like new condition. No scratches,clear bright display.New original charger included.",1,99,Used,1,AT&T,White,64,iPad 1,12089,379
Used. Not iCloud Locked.,1,90,Used,1,Unknown,Black,16,iPad Air,12090,529
Won&#039;t hold charge/ cracked screen,1,0.99,Used,0,None,Unknown,32,iPad mini,12091,249
,1,174.99,Used,0,None,White,16,iPad 2,12092,199
"Cracked screen, all buttons, volume and functions work.",1,150,Used,0,None,Unknown,16,iPad mini,12093,209
,1,95,Used,1,Verizon,Black,32,iPad 2,12094,379
"Screen was replaced with a white one, it does not affect iPad&#039;s functioanlity",0,144.99,Seller refurbished,0,None,Space Gray,16,iPad mini,12095,209
,0,9,Used,Unknown,Unknown,Space Gray,64,iPad Air 2,12096,599
this ipad is fully functional and in excellent condition. icloud has been deactivated and ready for ,1,99.99,Used,0,None,White,64,iPad Air,12097,599
Almost new condition. Some scuffs around two of the corners but nothing noticeable. Works great. ,0,150,Used,0,None,Unknown,16,iPad mini,12098,209
,1,170,Used,Unknown,Unknown,Space Gray,16,iPad 2,12099,199
This TAB is in good condition with minor scratches on the housing or screen (does not affect ,0,204,Used,1,AT&T,White,16,iPad 3,12100,379
"This item is used and in acceptable condition. Moderate scratches around the side and back, dented ",0,189.99,Used,1,AT&T,Unknown,16,iPad 2,12101,329
,1,1,New,1,AT&T,Space Gray,128,iPad mini 2,12102,579
In great shape. Almost new.,0,367.97,Used,1,AT&T,Unknown,32,iPad 4,12103,479
,0,370,Used,1,AT&T,Unknown,32,iPad Air,12104,579
,1,0.99,Used,0,None,White,64,iPad 2,12105,299
This is an iPad Air first generation (gray color). It&#039;s a used iPad (just like new) as shown in the ,0,290,Used,0,None,Unknown,16,iPad Air,12106,399
,1,0.99,Used,0,None,Unknown,32,iPad Air,12107,499
,1,329.99,Used,Unknown,Unknown,White,Unknown,iPad mini 2,12108,NA
New Open Box,0,259.99,New other (see details),1,Sprint,White,64,iPad mini,12109,409
MINT CONDITION,0,374.99,Used,1,Verizon,Space Gray,32,iPad Air,12110,579
,1,200,Used,0,None,Space Gray,64,iPad mini 2,12111,399
,1,480,New,0,None,White,64,iPad Air 2,12112,599
,1,200,New other (see details),0,None,White,32,iPad Air,12113,499
,1,75,Used,0,None,Black,16,iPad 2,12114,199
,1,200,Used,0,None,White,32,iPad 2,12115,249
,1,99.99,Used,0,None,White,16,iPad 2,12116,199
,1,225,Used,0,None,Unknown,32,iPad mini,12117,249
,1,30,Used,0,None,White,16,iPad 2,12118,199
,0,181,Used,0,None,Unknown,16,iPad mini,12119,209
In excellent condition. No scratches and has been in case since purchased. Will send chargers for ,0,259.99,Used,0,None,Black,16,iPad 4,12120,299
Mint condition!,1,75,Used,0,None,White,16,iPad mini,12121,209
,1,469.99,Used,1,Verizon,Space Gray,64,iPad Air 2,12122,729
,1,5,Used,0,None,Space Gray,16,iPad mini,12123,209
Used iPad but in great shape.  The upper left corner had been dinged but it has been re-shaped and a ,1,50,Used,0,None,Black,16,iPad 4,12124,299
,1,99.99,Used,0,None,Black,64,iPad 4,12125,399
,1,99,Used,0,None,Space Gray,16,iPad mini 3,12126,399
,1,200,Used,1,T-Mobile,White,64,iPad Air,12127,629
,0,165,Seller refurbished,0,None,Black,16,iPad 2,12128,199
,1,25,Used,0,None,Space Gray,Unknown,iPad mini,12129,NA
"Excellent condition, spent its entire life in an otter box.",1,50,Used,0,None,Unknown,16,iPad mini,12130,209
"This is a A- Stock item, meaning the unit is in a very good cosmetic condition. It shows a smooth ",0,389.99,Used,1,AT&T,Unknown,64,iPad Air,12131,629
LIKE NEW!!!!!!!! iPad contains a small engraved University of Arizona emblem. No scratches or wear.,1,200,Used,0,None,Black,16,iPad 4,12132,299
3 of 5. This item is gently used. The item shows minor to average signs of wear and tear including ,0,144.99,Used,0,None,Unknown,16,iPad 2,12133,199
"iCloud Locked. For Use if you can unlock it, or parts.",1,100,Used,0,None,Space Gray,16,iPad Air,12134,399
,0,275,Used,1,Unknown,White,64,iPad 2,12135,429
Used. Absolute must-have. Some signs of use. Scratches on the back of the device. See photos. Comes ,1,112,Used,0,None,Unknown,16,iPad mini,12136,209
Device is in AVERAGE used cosmetic condition with heavy scratches and wear. Color is black.Device is ,0,74,Used,1,AT&T,Unknown,16,iPad 1,12137,279
,1,140,Used,0,None,White,16,iPad 2,12138,199
,1,0.99,New,1,Unknown,White,16,iPad mini 2,12139,429
Has the normal wear that you would expect from a used item.,1,129.95,Used,0,None,Unknown,64,iPad 1,12140,249
"Used: An item that has been used previously. The item has some signs of cosmetic wear, but is fully ",1,238,Used,0,None,Black,16,iPad 4,12141,299
,0,185,Used,0,None,Unknown,16,iPad mini,12142,209
,0,211.5,Used,0,None,Unknown,32,iPad mini,12143,249
,0,314.99,Used,0,None,Black,16,iPad 3,12144,249
,1,99,Used,0,None,White,16,iPad mini,12145,209
Please see pics and description for condition.,1,0.99,Used,1,AT&T,Unknown,16,iPad Air,12146,529
Very good condition,1,50,Used,1,AT&T,Black,32,iPad mini,12147,359
"Tested, in good working condition.",0,124.99,Used,Unknown,Unknown,Unknown,Unknown,Unknown,12148,NA
Very good condition. Kept in protective case and well cared for. Has 2 minor dents on corners (no ,1,0.99,Used,0,None,White,16,iPad 2,12149,199
,0,417,Used,0,None,White,64,iPad 2,12150,299
,1,96,Used,0,None,Space Gray,32,iPad 2,12151,249
"Opened box, functional, no cosmetic damages, includes accessories. Please contact us with any ",1,0.99,Used,Unknown,Unknown,Unknown,Unknown,Unknown,12152,NA
ITEM IS BRAND NEW AND NEVER REMOVED FROM BOX.  SHRINK WRAP MAY HAVE SOME TEARS.  NEW FACTORY SEALED,0,310,New other (see details),0,None,Unknown,16,iPad 2,12153,199
Only Opened box but is new,1,350,New other (see details),0,None,White,128,iPad mini 3,12154,599
No cracksNo scratches Nothing not working,1,200,Used,0,None,Unknown,16,iPad 2,12155,199
Original IPAD 1st generation - used one owner (myself)Good shape as pictured. Fully functional as ,1,40,Used,0,None,Black,32,Unknown,12156,349
â€œIn very good shape! Like new condition!â€ù,1,107,Used,1,AT&T,Black,32,iPad 4,12157,479
In good working condition with scratches from normal use,0,189.99,Used,0,None,Black,16,iPad 2,12158,199
CONDITION: Brand New condition in replacement box. Does NOT include original box. Tablet comes ,0,379,New other (see details),0,None,Space Gray,16,iPad Air,12159,399
,1,25,Used,Unknown,Unknown,Unknown,Unknown,iPad 1,12160,NA
,1,99.99,Used,0,None,White,16,iPad 2,12161,199
,1,199,Used,0,None,Unknown,32,iPad Air,12162,499
THIS IPAD IS IN EXCELLENT WORKING CONDITION NO SCRATCHES ON SCREEN A SLIGHT DENT ON ONE OF THE ,1,179,Used,1,Verizon,Black,64,iPad 2,12163,429
I USED 1 WEEK . I GOT GIFT NEW IPAD BECAUSE I DON&#039;T NEED 2 IPADS.,0,50,Used,0,None,Black,Unknown,Unknown,12164,NA
gently used. like new,0,265,Used,0,None,Unknown,16,iPad Air,12165,399
,1,0.99,Used,0,None,White,16,iPad mini 2,12166,299
,1,325,New,0,None,Space Gray,128,iPad mini 2,12167,449
,1,99,Used,0,None,Unknown,32,iPad 2,12168,249
Used. Absolute must-have. Some signs of use. Scratches and stains on the back of the device. See ,1,121,Used,1,Verizon,Unknown,16,iPad 2,12169,329
In excellent condition. Minor scratches on the back. Screen in mint condition. Comes in original ,0,200,Used,1,AT&T,Black,32,iPad 3,12170,429
This used TAB is in good condition with minor scratches on the housing or screen (when the phone is ,0,179,Used,0,None,White,64,iPad 2,12171,299
"Opened box, functional, no cosmetic damages, includes accessories. Please contact us with any ",1,0.99,Used,Unknown,Unknown,Unknown,Unknown,Unknown,12172,NA
"iPad is in Great condition, the screen is in great condition showing only a few minor scratches, the ",1,0.99,Used,0,None,Unknown,16,iPad mini 2,12173,299
,1,199.99,New,Unknown,Unknown,Unknown,32,iPad Air 2,12174,549
,0,199,Used,Unknown,Unknown,Unknown,16,iPad 4,12175,299
This item is in Great cosmetic condition. It may have small scratches and light wear on the screen. ,0,369.99,Used,1,Verizon,Space Gray,64,iPad Air,12176,629
,1,10,New other (see details),0,None,White,64,iPad 4,12177,399
ITEM IS BRAND NEW AND NEVER TAKEN OUT OF FACTORY PACKAGE.  SHRINK WRAP MAY HAVE SOME TEARS.  BOX AND ,0,410,New other (see details),0,None,Unknown,32,iPad 4,12178,349
,0,168,Used,0,None,Black,16,iPad mini,12179,209
,1,150,Used,1,AT&T,Unknown,64,iPad 2,12180,429
Good condition and fully functional,1,60,Used,0,None,White,16,iPad 1,12181,149
,1,200,Used,0,None,Unknown,16,iPad Air,12182,399
,1,149,Used,0,None,White,16,iPad mini,12183,209
I USED 1 WEEK . I GOT GIFT NEW IPAD BECAUSE I DON&#039;T NEED 2 IPADS.,0,50,Used,0,None,Black,Unknown,Unknown,12184,NA
Perfect working order!! No chips or dings...very nice condition.,1,220,Used,1,Verizon,Unknown,16,iPad 4,12185,429
"Fully functional, in excellent condition. All original paperwork and packaging is included.",1,249.99,Used,1,Verizon,Unknown,64,iPad 3,12186,479
,1,325,Used,0,None,Space Gray,32,iPad Air,12187,499
,1,150,Used,1,AT&T,Black,Unknown,iPad 2,12188,NA
,1,149,Used,1,Verizon,Unknown,32,iPad 2,12189,379
,1,50,Used,0,None,Black,16,iPad mini,12190,209
,1,299,Used,0,None,Black,64,iPad 3,12191,349
Excellent condition,1,300,Used,0,None,Unknown,16,iPad Air,12192,399
,0,214.98,New,0,None,White,16,iPad mini,12193,209
,0,150.99,Used,0,None,Unknown,16,iPad 2,12194,199
Item has original packaging. Original packaging has stickers on box. Device has heavy scratches and ,0,199.99,Used,0,None,Unknown,32,iPad mini,12195,249
,1,89,Used,0,None,Black,16,iPad 2,12196,199
Excellent condition except for one nick on the corner shown in pics.,0,299.99,Used,1,AT&T,Unknown,32,iPad 3,12197,429
"Corner dings, minor wear on back.",0,90,Seller refurbished,0,None,Black,32,iPad 1,12198,199
,1,199,Used,0,None,Black,64,iPad 3,12199,349
Small cosmetic scratches and or dings nothing major,1,75,Used,Unknown,Unknown,Unknown,Unknown,Unknown,12200,NA
,1,0.99,Used,1,Other,Unknown,32,iPad 1,12201,329
Works perfect. As shown,0,300,Used,0,None,Unknown,32,iPad mini,12202,249
,1,289,Used,0,None,Black,16,iPad 3,12203,249
"Excellent condition, not a scratch on it. Very sparingly used.",1,250,Used,0,None,Unknown,16,iPad 4,12204,299
excellent condition!,1,0.99,Used,Unknown,Unknown,Unknown,Unknown,iPad Air 2,12205,NA
,1,200,New,0,None,Space Gray,16,iPad Air 2,12206,499
Good condition,0,179.99,Used,0,None,Unknown,16,iPad 2,12207,199
,1,140,Used,1,AT&T,White,64,iPad 3,12208,479
"Previously owned condition and showing a little wear from use, handling, and storage.  The keyboard ",1,339,Used,Unknown,Other,Unknown,16,iPad Air 2,12209,499
â€œUsed Apple Ipad 16 gig 1st generation in Great working condition and 100% functional.Very little ,0,109,Seller refurbished,0,None,Black,32,iPad 1,12210,199
Will have cosmetic damage,0,199.99,Used,0,None,Unknown,64,iPad 2,12211,299
,1,400,Used,1,AT&T,White,128,iPad mini 2,12212,579
"Opened box, functional, no cosmetic damages, includes accessories. Please contact us with any ",1,0.99,Used,Unknown,Unknown,Unknown,Unknown,Unknown,12213,NA
,1,150,Used,0,None,Unknown,16,iPad mini,12214,209
"The iPad is in great shape, having been gently used and covered since purchase.  The Speck cover is ",1,0.01,Used,0,None,Black,16,iPad mini,12215,209
A device listed in near mint used cosmetic condition with light blemishes from use. Housing &amp; ,0,162,Used,1,Verizon,White,16,iPad 2,12216,329
Super clean with box.,1,149.95,Used,0,None,Black,16,iPad 2,12217,199
,0,172,Used,0,None,White,16,iPad 2,12218,199
"Like new, barely used",1,190.99,Used,0,None,Black,16,Unknown,12219,299
This iPad has been converted from 3G capable to WIFI ONLY.,0,150,Used,0,None,Black,64,iPad 2,12220,299
Has the normal wear that you would expect from a used item.,1,89.95,Used,0,None,Unknown,32,iPad 1,12221,199
,0,300,Used,0,None,White,64,iPad 2,12222,299
Ipad is in GOOD CONDITION. No screen scratch. Only a small scratch from a corner of the Ipad. Works ,0,350,Used,0,None,Unknown,64,iPad 2,12223,299
CLEAN ESN &amp; READY TO BE CONNECTED TO THE SPRINT NETWORK,1,499.99,Used,1,Sprint,Gold,64,iPad Air 2,12224,729
IPAD mini .. not sure of what generation it can be.. selling as is or best offer..had a crack but ,0,149.99,Used,Unknown,Unknown,Unknown,16,Unknown,12225,299
,1,180,Used,1,Verizon,Black,64,iPad 2,12226,429
,1,50,New,0,None,White,16,iPad Air,12227,399
,1,324.99,New other (see details),0,None,Unknown,16,iPad Air 2,12228,499
,1,58,Used,0,None,Unknown,32,iPad 1,12229,199
,1,197.97,Used,0,None,Unknown,64,iPad mini 3,12230,499
iPad is fully functional. Some dings and scratches on the body I&#039;ve tried to make clear in the ,1,85,Used,0,None,Unknown,32,iPad 3,12231,299
"Refurbished by Best Buy Geek Squad Comes With Apple Manufactures Warranty Good till March 28, 2016",1,0.99,Seller refurbished,1,Unknown,Gold,16,iPad Air 2,12232,629
14 Days Warranty. Product has some sign of wear and scratches from previous use. (Please see ,0,79.99,Seller refurbished,1,AT&T,Black,16,iPad 1,12233,279
,1,0.99,Used,1,AT&T,Black,16,iPad 1,12234,279
,0,98,Used,0,None,Black,32,iPad 1,12235,199
somescratches on the back ans corners. works  great. barely used. kids played  games only,1,119.98,Used,0,None,Unknown,16,iPad mini,12236,209
"Used for under a week, mint condition",1,0.99,Used,0,None,Gold,64,iPad Air 2,12237,599
,0,350,Used,1,AT&T,Unknown,32,iPad Air,12238,579
,1,350,New,0,None,Unknown,16,iPad Air,12239,399
Good Condition! Fully Functional!,1,0.99,Seller refurbished,0,None,Black,32,iPad 1,12240,199
,1,169.99,Used,0,None,Black,16,Unknown,12241,299
,0,315,Used,1,Verizon,Black,64,iPad mini,12242,409
,0,100,Used,0,None,Black,16,iPad 1,12243,149
,1,49.99,Used,1,Verizon,Unknown,64,iPad 2,12244,429
FULLY FUNCTIONAL,1,0.99,Seller refurbished,1,AT&T,Black,16,iPad 1,12245,279
excellent condition barely any scratches,0,275,Used,1,T-Mobile,White,16,iPad mini 2,12246,429
Will have some cosmetic damage.,0,255,Used,1,AT&T,Unknown,16,iPad 4,12247,429
GOOD CONDITION,1,89.99,Used,0,None,Unknown,16,iPad Air,12248,399
,1,375,Used,0,None,White,32,iPad Air,12249,499
Will have some cosmetic damage.,0,344,Used,1,AT&T,Unknown,64,iPad 4,12250,529
Used only once! Includes original box and charger,0,199,Used,0,None,Unknown,16,iPad mini,12251,209
Marks and scuffs.,1,350,Used,Unknown,Unknown,Unknown,Unknown,Unknown,12252,NA
,1,249.97,Manufacturer refurbished,1,Unknown,Black,64,iPad 2,12253,429
Used IPad for sale but in excellent condition. No defect or damage.,1,45,Used,0,None,Black,16,iPad 1,12254,149
,0,588.18,New,1,AT&T,White,64,iPad 4,12255,529
Item that has been restored to working order item is not in original packaging item may have light ,0,375.99,Seller refurbished,0,None,White,64,iPad Air,12256,599
,1,249,Used,0,None,Unknown,16,iPad 3,12257,249
These units are in great working condition.  All three have minor scratching around the headphone ,0,494.5,Used,0,None,Black,16,iPad 3,12258,249
,0,155,Used,0,None,Unknown,16,iPad 1,12259,149
OPENED BOX TO MAKE SURE ITEM IS THERE. PLASTIC STILL ON IPAD,1,0.99,New other (see details),0,None,White,32,iPad Air,12260,499
I&#039;m great condition! Rarely ever been used and has always been in a case.,1,199.99,Used,0,None,Unknown,16,iPad mini,12261,209
,0,559.99,New,0,None,Space Gray,64,iPad Air 2,12262,599
,1,0.99,Used,1,Unknown,Unknown,16,Unknown,12263,429
,1,99,Used,0,None,Space Gray,16,iPad 2,12264,199
,1,1,Manufacturer refurbished,0,None,White,16,iPad 2,12265,199
,0,370,New,0,None,Unknown,16,iPad mini,12266,209
,0,450,Used,1,T-Mobile,Unknown,16,iPad Air,12267,529
,1,178.99,New other (see details),0,None,Unknown,16,iPad mini,12268,209
"This item is in Fair cosmetic condition. 100% Fully Functional, Clean IMEI &amp; iCloud, professionally ",0,158.99,Used,0,None,Black,32,iPad 2,12269,249
In excellent condition. Barely used.,1,249,Used,0,None,Space Gray,32,iPad mini 2,12270,349
,1,1,New,0,None,White,16,iPad mini,12271,209
,1,300,Used,0,None,Unknown,128,iPad Air,12272,699
"few minor scratches and bumps, great condition",1,175,Used,0,None,Unknown,Unknown,Unknown,12273,NA
,1,174.99,Seller refurbished,0,None,Black,16,iPad mini,12274,209
,1,199.99,Used,0,None,Unknown,16,iPad mini 3,12275,399
IPAD IS IN GREAT CONDITION. IT HAS NO DENTS OR SCRATCHES. IPAD HAS BEEN FACTORY RESET.,0,249.99,Used,0,None,Space Gray,16,iPad mini,12276,209
,0,399.99,Manufacturer refurbished,1,Unknown,Unknown,32,iPad Air,12277,579
,1,199.99,Used,Unknown,Unknown,Unknown,16,iPad Air,12278,399
,0,175,Used,0,None,Black,16,iPad 2,12279,199
,1,279.99,Used,0,None,White,16,iPad 4,12280,299
Has been covered with a Zagg InvisibleShield since it came out of the box and kept in a case.  Front ,0,449.99,Used,0,None,Space Gray,64,iPad Air,12281,599
,0,588.18,New,1,AT&T,White,64,iPad 4,12282,529
,1,230,Used,1,Unknown,Unknown,64,Unknown,12283,529
,0,625,Used,1,Unknown,Space Gray,64,iPad Air 2,12284,729
,1,165,Used,0,None,White,16,iPad 2,12285,199
,1,595,New,1,Unknown,White,128,iPad Air 2,12286, 829
it is LOCKED  otherwise good condition.,0,199,Used,Unknown,Unknown,Unknown,Unknown,iPad mini 2,12287,NA
NO RETAIL BOX !!!,0,334.95,Used,1,Sprint,Black,64,iPad mini,12288,409
,1,300,New,Unknown,Unknown,Unknown,Unknown,iPad mini 2,12289,NA
"very nice and clean works like new, few light  scratches one front and back, this is ready to use no ",0,175,Used,0,None,Unknown,16,iPad 2,12290,199
Has a cracked screen and has always been in an otter box.I had removed case to clean and my toddler ,1,250,Used,0,None,Unknown,16,iPad mini 2,12291,299
"This item is used and in Heavily Used condition. 100% Fully Functional, Clean IMEI (ESN) &amp; iCloud, ",0,347.24,Used,1,AT&T,Space Gray,64,iPad Air,12292,629
,0,214.95,Used,0,None,Unknown,16,Unknown,12293,299
,0,300,Used,0,None,Unknown,16,iPad 4,12294,299
Item is in great shape. It has a Zaag Invisible Shield screen protector installed. There is one ,0,160,Used,0,None,Unknown,16,iPad mini,12295,209
New in box but not sealed,0,549.99,New other (see details),0,None,Space Gray,64,iPad Air 2,12296,599
,1,150,Used,0,None,White,16,iPad mini,12297,209
,0,249.99,Used,1,Verizon,Black,32,iPad 3,12298,429
,0,150,Used,0,None,Unknown,16,iPad 2,12299,199
,0,509.99,New,1,Unknown,Space Gray,16,iPad Air,12300,529
"A device listed in Average/Fair  condition with some scratches, scuffs on the housing &amp; screen (do ",0,100,Used,1,AT&T,White,64,iPad 1,12301,379
,0,429.99,New,Unknown,Unknown,Space Gray,64,iPad mini 2,12302,399
,1,279.99,New,0,None,White,16,iPad mini,12303,209
,0,320.99,Used,0,None,Space Gray,16,iPad Air,12304,399
,1,90,New other (see details),0,None,Unknown,16,iPad mini,12305,209
,0,450,Used,1,AT&T,Black,32,iPad 3,12306,429
,0,99,Used,0,None,Black,16,iPad 1,12307,149
Like new,1,0.01,Used,0,None,Unknown,32,Unknown,12308,349
Minor scratches on screen and/or back. Dented on corner. Please refer to images.,0,164.99,Seller refurbished,0,None,White,16,iPad 2,12309,199
,1,0.99,Used,0,None,Unknown,64,iPad mini,12310,299
"*** Like new, Apple iPad Mini 3 Silver 128GB. Comes with AC adapter and lightning cable.",0,499.99,Seller refurbished,0,None,Gold,128,iPad mini 3,12311,599
Tablet is Good Working. Has been reset to the factory settings.,0,319.99,Used,0,None,Unknown,16,iPad Air,12312,399
,0,590,New,0,None,Gold,64,iPad Air 2,12313,599
,0,258.98,New,0,None,Unknown,16,iPad mini,12314,209
Good working condition and fully functional 32GB iPad 2 Wifi - Black. Please read full description.,1,169,Used,0,None,Black,32,iPad 2,12315,249
Item is in excellent condition. It does not have any visible cosmetic wear. See pictures for ,1,249.99,Used,Unknown,Unknown,Unknown,Unknown,Unknown,12316,NA
,0,645.99,New,1,Unknown,Gold,64,iPad Air 2,12317,729
This item is in full working condition with all necessary charging components. Components may be ,0,211.95,Used,1,Verizon,Black,16,iPad 2,12318,329
"*FREE* Same-Day Ship | 90-Day Warranty | 100% Functional, Includes All Major Accessories, Shows ",0,245.19,Seller refurbished,0,None,Black,16,iPad 4,12319,299
,0,445.95,New,0,None,Space Gray,64,iPad mini 3,12320,499
"New in box, protective plastic still on",0,419.95,New other (see details),1,Verizon,Gold,16,iPad mini 3,12321,529
,1,0.99,Used,0,None,Unknown,64,iPad 4,12322,399
,0,389,New other (see details),1,T-Mobile,White,16,iPad Air,12323,529
,1,130,Used,0,None,White,64,iPad mini 2,12324,399
"Item is not in the original box. Shows signs of use, guaranteed in working order.",0,112.99,Seller refurbished,0,None,Black,32,iPad 1,12325,199
"&#034;&#034;Buy in Confidence I&#039;m serious person&#034;&#034; like New,sell because not used come with Original Box and ",0,375,Used,0,None,Unknown,32,iPad 4,12326,349
Only 6 weeks old in perfect condition,0,217,Used,0,None,White,16,iPad mini 2,12327,299
,0,499.99,New,0,None,Space Gray,16,iPad Air 2,12328,499
"In excellent used condition, in box, with charger, handstand swivel case and literature.",0,299.99,Used,Unknown,Unknown,Unknown,Unknown,Unknown,12329,NA
,0,549,New,0,None,Unknown,64,iPad Air 2,12330,599
"The iPad mini 2 has absolutely no physical wear, scratches, dents, or technical issues of any kind, ",1,225,Used,0,None,Unknown,16,iPad mini 2,12331,299
,1,0.99,Used,0,None,White,16,iPad mini,12332,209
,0,279.99,Used,0,None,Unknown,32,iPad 2,12333,249
,0,438.99,New,0,None,Unknown,16,iPad Air 2,12334,499
,0,370,Used,0,None,White,16,iPad mini 3,12335,399
Perfect Condition! Only used for 1 week.,0,415,Used,Unknown,Unknown,Unknown,Unknown,Unknown,12336,NA
"A device listed in Average/Fair  condition with some scratches, scuffs on the housing &amp; screen (do ",0,96,Used,1,AT&T,White,16,iPad 1,12337,279
,0,385,New,0,None,Unknown,16,iPad mini,12338,209
great condition,1,255,Used,0,None,Unknown,16,iPad Air,12339,399
"Never been used period, oped to activate , it will be shut off around a week after u receive it so u ",1,0.99,New other (see details),0,None,Gold,16,iPad mini 3,12340,399
Like new. Has a screen protector and has been in the otter box case since I have received it.,0,175,Used,0,None,Unknown,32,iPad 1,12341,199
,0,215,Used,Unknown,Unknown,Unknown,Unknown,Unknown,12342,NA
,0,285,New,0,None,White,16,iPad mini,12343,209
,1,425,Used,0,None,White,16,iPad Air 2,12344,499
Showroom Display Item. Small Scratches On Backside.,0,399.94,New other (see details),0,None,Gold,16,iPad Air 2,12345,499
,1,300,New,0,None,Unknown,16,iPad Air 2,12346,499
This used TAB is in good condition with minor scratches on the housing or screen (when the phone is ,0,101,Used,1,AT&T,White,64,iPad 1,12347,379
Perfect working condition. See photos for actual item.,1,0.01,Used,0,None,Gold,64,iPad mini 3,12348,499
,0,329,New other (see details),0,None,Gold,16,iPad mini 3,12349,399
In great shape. All settings and memory reset to start up new.,0,280,Used,0,None,Unknown,16,Unknown,12350,299
,0,649.99,New,0,None,Space Gray,64,iPad Air 2,12351,599
,1,350,New,1,Unknown,Unknown,64,iPad Air 2,12352,729
FULLY FUNCTIONAL,1,0.99,Manufacturer refurbished,0,None,Black,16,iPad mini 2,12353,299
,1,0.99,Used,0,None,Gold,128,iPad Air 2,12354,699
Grade B devices have a small amount of visible wear and tear due to previous use and definitely No ,0,325,Used,1,Verizon,Space Gray,128,iPad Air,12355,679
"Lightly used,, upgraded  .too I Phone 5c 32gb Thank you for your interest.  Grade A comes with ",0,265.99,Used,1,Verizon,Unknown,32,iPad mini,12356,359
,1,200,Used,0,None,White,64,iPad mini,12357,299
,0,174.99,Used,0,None,Unknown,16,iPad mini,12358,209
This item is in Great cosmetic condition. It may have small scratches and light wear on the screen. ,0,159.99,Used,0,None,White,16,iPad mini,12359,209
A device listed in near mint used cosmetic condition with light blemishes from use. Housing &amp; ,0,102,Used,1,AT&T,White,64,iPad 1,12360,379
,1,350,New,0,None,Black,16,iPad mini 2,12361,299
This iPad is in extremely good condition.  The only defect is on the top left corner where it had ,0,165,Used,0,None,White,32,iPad 2,12362,249
,0,799,New,1,Unknown,Space Gray,128,iPad Air 2,12363, 829
,1,595,Used,1,AT&T,Space Gray,128,iPad mini 2,12364,579
,0,280,Used,0,None,Black,16,iPad 4,12365,299
,1,125,Used,1,Unknown,Unknown,32,Unknown,12366,479
,1,165,Used,0,None,White,16,iPad 2,12367,199
,0,190.45,Used,1,Verizon,Unknown,64,iPad 1,12368,379
Mint condition. Not a single scratch. I got this iPad mini 3 as a bonus from the company I work for ,0,419.99,Used,0,None,Unknown,64,iPad mini 3,12369,499
,0,319.99,New,0,None,White,16,iPad mini 2,12370,299
Like New,0,399.95,Used,0,None,Unknown,16,iPad Air 2,12371,499
,0,449,New,1,AT&T,Space Gray,128,iPad mini 2,12372,579
This TAB is in average condition with some scratches on the housing or screen (does not affect ,0,91,Used,0,None,White,32,iPad 1,12373,199
,1,0.99,New,0,None,Black,16,iPad mini,12374,209
"100% working condition, No icloud blocks, tablet is ready for new user. See item description for ",0,170,Seller refurbished,0,None,Black,16,iPad mini,12375,209
"iPad looks and works good. Screen is new, back and edges will  have some scuffing.  Generic wall ",0,228.88,Seller refurbished,0,None,Unknown,32,iPad 3,12376,299
Item has been professionally tested and inspected. Tests show that all features work correctly. This ,0,150.99,Used,0,None,Black,32,iPad 2,12377,249
,1,650,New,0,None,Unknown,128,iPad Air 2,12378,699
"This item is Used &amp; in Heavily Used cosmetic condition - 100% Fully Functional, Clean IMEI &amp; iCloud, ",0,147.72,Used,1,AT&T,Black,32,iPad 2,12379,379
,0,179.99,Used,0,None,Space Gray,16,iPad mini,12380,209
,0,115,Used,1,AT&T,Unknown,16,iPad 2,12381,329
,0,271,New,0,None,Unknown,16,iPad mini,12382,209
,0,200,Used,Unknown,Unknown,White,Unknown,Unknown,12383,NA
"Device is in GOOD used cosmetic condition with normal scratches &amp; wear, engravement on the housing. ",0,189.95,Used,1,AT&T,Unknown,64,iPad 2,12384,429
Excellent used condition- barely used,0,400,Used,0,None,White,64,iPad 4,12385,399
Professionally refurbished and cleaned in excellent cosmetic and working condition. Units come with ,0,349.99,Seller refurbished,1,AT&T,White,32,iPad 4,12386,479
,0,650,New,1,AT&T,White,128,iPad 4,12387,589
Good condition and functional 32GB iPad Mini Wifi - Black. Please read full discription,1,179,Used,0,None,Black,32,iPad mini,12388,249
,0,315,Used,0,None,White,16,iPad mini 2,12389,299
,0,680,New,1,Unknown,Gold,64,iPad Air 2,12390,729
,1,149.99,Used,0,None,Black,16,iPad 3,12391,249
"100% functional, no damage.",1,0.01,Used,0,None,Black,64,iPad 2,12392,299
,0,280,Used,0,None,Unknown,64,iPad 2,12393,299
"*** Like new, Apple iPad Mini 3 WiFi+4G Silver 128GB. Comes with AC adapter and lightning cable.",0,599.99,Seller refurbished,1,Unknown,White,128,iPad mini 3,12394,729
,0,795,New,1,Unknown,Gold,128,iPad Air 2,12395, 829
,0,329.99,Used,0,None,Space Gray,16,iPad Air,12396,399
,0,275,Used,1,Verizon,Black,16,iPad mini,12397,309
,0,324.99,Used,0,None,White,32,iPad 4,12398,349
This TAB is in good condition with minor scratches on the housing or screen (does not affect ,0,154,Used,1,Verizon,White,32,iPad 2,12399,379
,0,299.95,Used,0,None,White,16,iPad 4,12400,299
This TAB is in good condition with minor scratches on the housing or screen (does not affect ,0,284,Used,1,Unknown,White,32,iPad 4,12401,479
,0,199.99,Seller refurbished,Unknown,Unknown,Unknown,Unknown,Unknown,12402,NA
,1,35,Used,Unknown,Unknown,Unknown,Unknown,Unknown,12403,NA
,0,499.99,New,1,Unknown,Gold,16,iPad mini 3,12404,529
It shows a fair amount of cosmetic wear but other than that perfectly working. Please check ,0,250,Used,1,Verizon,Black,16,iPad 2,12405,329
Only used twice to download pictures.,1,0.99,Used,Unknown,Unknown,Unknown,Unknown,Unknown,12406,NA
This item is in Great cosmetic condition. It may have small scratches and light wear on the screen. ,0,159.99,Used,0,None,White,16,iPad 2,12407,199
,0,70,Used,0,None,White,16,iPad 1,12408,149
,0,165,Used,0,None,Black,16,iPad mini,12409,209
Sync/Charge cable included.  Unit is in perfect working order with only minimal scuffs.  No earbuds ,0,249.99,Used,Unknown,Unknown,Unknown,Unknown,Unknown,12410,NA
,0,229.99,Used,0,None,White,16,iPad 2,12411,199
,0,749.95,New,0,None,Unknown,128,iPad Air 2,12412,699
,1,99,New,0,None,Gold,16,iPad mini 3,12413,399
,0,740,New,1,Unknown,Space Gray,64,iPad Air 2,12414,729
"Near mint, thin scratch on Apple logo",1,320,Used,1,Unknown,Black,128,iPad Air,12415,679
Works GREAT.SCreen has just minor wear and back looks fine.Its corners and edges have some minor ,0,149,Used,1,Verizon,Black,16,iPad 2,12416,329
,0,426.3,New,Unknown,Unknown,Black,Unknown,Unknown,12417,NA
,0,679.99,New,1,Unknown,Space Gray,16,Unknown,12418,429
Has dents on top two corners.  This listing does not include a charger.,0,279.99,Used,Unknown,Unknown,Black,32,iPad 4,12419,349
"Great working condition, little nicks in the corners, screen looks and feels great, great standup ",0,200,Used,Unknown,Unknown,Black,Unknown,Unknown,12420,NA
,0,689.99,New,1,Unknown,White,64,iPad mini 3,12421,629
,0,460,New,0,None,Black,16,iPad mini 2,12422,299
,0,789.99,New,1,Unknown,Gold,64,iPad Air 2,12423,729
,0,634.99,New,0,None,Space Gray,128,iPad Air 2,12424,699
,0,899.99,New,1,Unknown,Space Gray,128,iPad Air 2,12425, 829
,0,324.99,Used,1,Verizon,Unknown,32,iPad 4,12426,479
,0,549.99,New,0,None,Unknown,128,iPad mini 3,12427,599
This item was opened by me after purchasing powered on once or twice for display purposes.  Still in ,0,285,New other (see details),0,None,White,16,iPad mini 2,12428,299
Light use.,1,389,Used,0,None,Unknown,16,Unknown,12429,299
"Excellent condition. Under Apple care November 09, 2015. Working and tested. Minor sign of use. ",0,295.95,Used,0,None,Gold,16,iPad mini 3,12430,399
,0,399.95,Manufacturer refurbished,1,T-Mobile,Unknown,16,iPad Air,12431,529
,1,0.99,Used,0,None,Space Gray,16,iPad mini 2,12432,299
"Brand new condition, iPad has been rarely used. Includes red ipad smart case. Includes original box.",0,300,Used,Unknown,Unknown,Unknown,Unknown,Unknown,12433,NA
Works great will have to download your own iTunes account to set up your Icloud account,0,130,Used,Unknown,Unknown,Space Gray,Unknown,iPad 2,12434,NA
"***128gb***  black/space grey iPad Air EUC (no scratches, dents, or blemishes)",1,550,Used,Unknown,Unknown,Space Gray,128,Unknown,12435,449
,0,424.65,New,0,None,Gold,16,iPad Air 2,12436,499
This used TAB is in good condition with minor scratches on the housing or screen (when the phone is ,0,90,Used,0,None,White,16,iPad 1,12437,149
,0,475,New,0,None,Unknown,64,iPad mini 3,12438,499
"Overall very good condition, very minor signs of use.",0,659.49,Used,1,AT&T,Space Gray,128,iPad Air 2,12439, 829
,0,177.99,Used,Unknown,Unknown,Unknown,Unknown,Unknown,12440,NA
A device listed in near mint used cosmetic condition with light blemishes from use. Housing &amp; ,0,204,Used,0,None,White,64,iPad 2,12441,299
A device listed in near mint used cosmetic condition with light blemishes from use. Housing &amp; ,0,406,Used,0,None,White,64,iPad 2,12442,299
"Pristine Condition, (9.75/10). No scratches, dents, or bent corners. Unit has a few tiny markings on ",0,285,Used,0,None,Black,16,iPad 4,12443,299
,0,229,Used,0,None,Unknown,64,iPad 1,12444,249
New Opened Box powered up only.,0,394.99,New other (see details),1,Unknown,Space Gray,16,iPad mini 3,12445,529
,0,450,New,0,None,Unknown,16,iPad Air 2,12446,499
Has a scratch,1,50,Used,Unknown,Unknown,Unknown,Unknown,Unknown,12447,NA
Used a few times for my iPad. Great Condition. Bluetooth Pairing.,1,7.99,Used,Unknown,Unknown,Unknown,Unknown,iPad 4,12448,NA
"iPad Air 2, very good condition, Does not include original box, Includes Apple certified ",0,465.99,Seller refurbished,0,None,White,64,iPad Air 2,12449,599
,0,470,New other (see details),Unknown,Unknown,Unknown,Unknown,Unknown,12450,NA
,0,445,New,0,None,Gold,16,iPad Air 2,12451,499
"C Stock - Seller refurbished &amp; in Fair condition. 100% Fully Functional, Clean IMEI (ESN) &amp; iCloud, ",0,358.24,Seller refurbished,1,AT&T,Space Gray,64,iPad Air,12452,629
,0,749.95,New,0,None,Space Gray,128,iPad Air 2,12453,699
,0,320,Used,0,None,Black,16,iPad 4,12454,299
,0,639.99,New,Unknown,Unknown,White,Unknown,Unknown,12455,NA
,1,0.99,New,1,T-Mobile,White,64,iPad Air 2,12456,729
,0,399.99,New,0,None,Gold,16,iPad mini 3,12457,399
,0,639.99,New,0,None,Gold,128,iPad mini 3,12458,599
"Used Fully Functional, iPad ONLY.",0,154.99,Used,Unknown,Unknown,Unknown,Unknown,Unknown,12459,NA
,0,408.6,New,Unknown,Unknown,Unknown,Unknown,Unknown,12460,NA
,1,0.99,New,0,None,Gold,64,iPad mini 3,12461,499
**MINT CONDITION** Original Owner,0,345,Used,Unknown,Unknown,Unknown,16,iPad 4,12462,299
,1,249,Used,0,None,White,16,Unknown,12463,299
,0,399,Used,Unknown,AT&T,White,32,Unknown,12464,349
,0,249,Seller refurbished,Unknown,Unknown,White,16,Unknown,12465,299
There are some scratches on the screen besides that it is in very good condition.,0,38.99,Used,Unknown,Unknown,Unknown,Unknown,iPad 4,12466,NA
Mint condition.,1,0.99,Used,1,Sprint,White,64,iPad mini 2,12467,529
Ipad air 2 128 gb ATT factory unlock open box for unlock the ipad,0,800,New other (see details),1,AT&T,Unknown,128,iPad Air 2,12468, 829
,0,500,New,0,None,White,64,Unknown,12469,399
,1,210,Used,Unknown,Unknown,Unknown,16,iPad mini 2,12470,299
EXCELLENT PRE OWNED CONDITION,1,9.99,Used,Unknown,Unknown,Black,Unknown,Unknown,12471,NA
,0,450,New other (see details),Unknown,Unknown,Unknown,Unknown,iPad mini 3,12472,NA
Used for demonstration purposes only.  Never sold.,0,475,Used,Unknown,Unknown,Unknown,Unknown,iPad mini,12473,NA
here we have space gray apple ipad mini a1432 no charger works great has small Knicks nothing major ,0,190,Used,Unknown,Unknown,Unknown,Unknown,Unknown,12474,NA
,0,43.2,New,Unknown,Unknown,Unknown,Unknown,Unknown,12475,NA
,0,450,Used,Unknown,Unknown,Unknown,Unknown,Unknown,12476,NA
,0,118.84,New,Unknown,Unknown,Unknown,Unknown,Unknown,12477,NA
,0,99.46,New,Unknown,Unknown,Unknown,Unknown,Unknown,12478,NA
,0,5.65,New,Unknown,Unknown,Unknown,Unknown,Unknown,12479,NA
,0,14.99,New,Unknown,Unknown,Unknown,Unknown,Unknown,12480,NA
,0,7.99,New,Unknown,Unknown,Unknown,Unknown,Unknown,12481,NA
,0,137.95,New,Unknown,Unknown,Unknown,Unknown,Unknown,12482,NA
,0,79.95,New,Unknown,Unknown,Unknown,Unknown,Unknown,12483,NA
,1,450,Used,Unknown,Unknown,Unknown,Unknown,Unknown,12484,NA
,0,116.33,New,Unknown,Unknown,Unknown,Unknown,Unknown,12485,NA
,1,149,Used,0,None,Unknown,32,iPad mini 2,12486,349
,1,100,Seller refurbished,Unknown,Unknown,White,16,iPad 2,12487,199
,0,334,New,0,None,Space Gray,16,iPad mini 3,12488,399
,0,339.5,New,0,None,Gold,16,iPad mini 3,12489,399
,1,280,New,0,None,White,32,iPad Air,12490,499
,1,120,Used,0,None,White,16,iPad 2,12491,199
,1,235,Seller refurbished,1,AT&T,Space Gray,16,iPad mini 2,12492,429
,1,55,Used,1,AT&T,Unknown,16,iPad 1,12493,279
"Excellent, like-new condition. No Scratches, scuffs, or damage.",0,400,Used,0,None,Space Gray,128,iPad Air,12494,699
,0,485,New,1,Unknown,Gold,16,iPad mini 3,12495,529
,1,299,Used,1,AT&T,Unknown,16,iPad 4,12496,429
Check SN DLXNQAT9G5WT Barely used no scratches or blemishes. Comes with ZAGG GLASS INSTALLED. Love ,1,399,Used,1,Unknown,Gold,16,iPad Air 2,12497,629
,1,0.99,Used,0,None,Unknown,16,iPad mini,12498,209
,1,250,Used,0,None,Unknown,64,iPad 1,12499,249
,1,599.99,New,0,None,Space Gray,16,Unknown,12500,299
,1,729.99,New,0,None,Space Gray,64,iPad Air 2,12501,599
,1,240,New,0,None,Space Gray,16,iPad mini,12502,209
,1,879.99,New,0,None,Space Gray,128,iPad Air 2,12503,699
This iPad mini is brand-new I had it for about a month used it maybe three times.it still has the ,1,300,New other (see details),0,None,White,32,iPad mini 2,12504,349
,0,160,Used,0,None,Black,16,iPad 2,12505,199
,1,599.99,New,0,None,Space Gray,64,iPad mini 3,12506,499
,1,17.75,New,Unknown,Unknown,Black,Unknown,Unknown,12507,NA
,1,599.99,New,0,None,Gold,64,iPad mini 3,12508,499
,1,729.99,New,0,None,Gold,128,iPad mini 3,12509,599
,0,189.99,Used,0,None,Space Gray,16,iPad mini,12510,209
Very good condition,0,310,Seller refurbished,0,None,Black,16,iPad Air,12511,399
Used a few times,0,95,New other (see details),0,None,Black,16,iPad 1,12512,149
WORKS GOOD. HAS 64GB. SMALL CRACK IN BOTTOM RIGHT CORNER. SCREEN WAS REPLACED.,0,204.95,Used,1,AT&T,Unknown,64,iPad 2,12513,429
,0,399.99,Manufacturer refurbished,0,None,Unknown,128,iPad mini 2,12514,449
iPad 2 works fine. UnlockedCracked Screen/ Mic is brokenCharger not included,0,100,Used,0,None,Unknown,16,iPad 2,12515,199
,0,155,Seller refurbished,0,None,Black,16,iPad 2,12516,199
,0,250,Used,0,None,White,32,iPad 3,12517,299
,0,250,Used,1,AT&T,White,16,iPad 2,12518,329
,0,275,Used,0,None,White,16,iPad Air,12519,399
,0,235,Used,0,None,Unknown,32,iPad 1,12520,199
No scratches or money back! Original accessories included.,0,309.98,New other (see details),Unknown,Unknown,White,Unknown,Unknown,12521,NA
,0,500,New other (see details),1,T-Mobile,Unknown,64,iPad Air,12522,629
,0,275,Used,1,AT&T,Black,64,iPad 2,12523,429
,0,250,New,0,None,Space Gray,16,Unknown,12524,299
,0,300,Used,0,None,Black,64,iPad 2,12525,299
Small crack on lower right corner. Other than that works awesome.,0,300,Used,0,None,Unknown,64,iPad 2,12526,299
,0,550,New other (see details),1,Verizon,Space Gray,64,iPad mini 2,12527,529
Great condition,0,255,Used,0,None,Unknown,16,iPad 2,12528,199
,0,299,Used,0,None,White,32,iPad mini 2,12529,349
"No scratches on screen or back of device, hardly any wear and tear, and no missing or damaged parts.",0,750,New other (see details),0,None,Space Gray,64,iPad Air,12530,599
,0,180,Used,0,None,White,16,iPad 2,12531,199
,0,225,Used,0,None,Black,32,iPad 1,12532,199
,0,420,New,1,AT&T,White,16,iPad Air,12533,529
,0,239,Manufacturer refurbished,1,AT&T,Unknown,32,iPad 2,12534,379
"This item has been previously used.  The item may have some signs of cosmetic wear, but is fully ",0,182.77,Used,Unknown,Unknown,Unknown,Unknown,Unknown,12535,NA
,0,279,New,0,None,White,16,iPad mini,12536,209
,0,299.99,Used,0,None,Black,32,iPad 4,12537,349
,0,280,New,0,None,Unknown,16,iPad mini,12538,209
,0,350,Used,0,None,Unknown,16,iPad Air,12539,399
,0,220,Used,0,None,White,16,iPad 3,12540,249
,0,579.99,New,0,None,Unknown,64,iPad Air 2,12541,599
,0,120,Seller refurbished,Unknown,Unknown,Black,16,iPad 1,12542,149
,0,190,Used,1,Verizon,White,32,iPad 2,12543,379
,0,510,New,Unknown,Unknown,Space Gray,16,iPad mini 3,12544,399
,0,250,Used,Unknown,Unknown,White,16,iPad 2,12545,199
There is only one tiny dent on it. But you can barely see it.,0,300,Used,Unknown,Unknown,Unknown,Unknown,Unknown,12546,NA
,0,400,Used,0,None,White,32,iPad 4,12547,349
,0,820,Used,0,None,White,128,iPad Air,12548,699
,0,149.99,For parts or not working,1,Verizon,Unknown,32,iPad 3,12549,429
"Stuck on intro screen, read description below.",0,105,For parts or not working,1,AT&T,Black,16,iPad 3,12550,379
,1,100,For parts or not working,1,AT&T,Unknown,16,iPad 4,12551,429
,0,119,For parts or not working,0,None,Black,16,iPad mini 2,12552,299
Power button does not work.,0,69,For parts or not working,0,None,Unknown,16,iPad 1,12553,149
,0,80,For parts or not working,0,None,Unknown,16,iPad 2,12554,199
,1,50,For parts or not working,0,None,Unknown,32,iPad 2,12555,249
,1,49,For parts or not working,0,None,Unknown,16,iPad 2,12556,199
****read description****----I cloud account need to activate it&#039;s like new,0,150,For parts or not working,Unknown,Unknown,White,Unknown,Unknown,12557,NA
,1,70,For parts or not working,0,None,Black,16,iPad 2,12558,199
,1,0.5,For parts or not working,0,None,Unknown,16,iPad 3,12559,249
iCloud Locked,0,79.95,For parts or not working,Unknown,Unknown,Unknown,Unknown,Unknown,12560,NA
"iPad is in fair condition, minimal wear and tear. iPad has cracked screen. iPad will not power on. ",0,119.99,For parts or not working,0,None,Unknown,16,iPad 4,12561,299
3 of 5. This item is NOT working properly. Please read the entire listing carefully before ,0,99.99,For parts or not working,0,None,Unknown,32,iPad mini,12562,249
,1,35,For parts or not working,0,None,White,64,iPad 1,12563,249
,1,20,For parts or not working,0,None,Space Gray,32,iPad Air,12564,499
,0,99.95,For parts or not working,1,Unknown,Unknown,32,iPad 4,12565,479
daughter dropped cracked screen.  got some water in the cracks.  screen lights but you can&#039;t see ,1,10,For parts or not working,0,None,Unknown,16,iPad mini,12566,209
ipad is in great physical condition but is icloud locked,1,1,For parts or not working,0,None,White,16,iPad mini,12567,209
,1,0.99,For parts or not working,0,None,Black,16,iPad 2,12568,199
,1,0.99,For parts or not working,1,Verizon,Space Gray,16,iPad Air,12569,529
,1,20,For parts or not working,0,None,Space Gray,16,iPad mini,12570,209
Item is iCloud locked - Please see all the pictures for any additional information,1,59.99,For parts or not working,0,None,Unknown,16,iPad 2,12571,199
"Being previously owned will show signs of wear.  Normal wear consist of cosmetic dings, dents, and ",1,30,For parts or not working,Unknown,Unknown,Unknown,Unknown,Unknown,12572,NA
,1,9.5,For parts or not working,1,Unknown,Black,64,iPad 1,12573,379
Cracked screen. Item sell as is.,0,139.99,For parts or not working,0,None,Unknown,16,iPad mini,12574,209
,1,90,For parts or not working,0,None,Unknown,16,iPad Air,12575,399
,0,229,For parts or not working,Unknown,Unknown,Unknown,16,iPad Air,12576,399
FUNCTIONS. ICLOUD IS LOCKED. IN EXCELLENT PHYSICAL CONDITION. PLEASE SEE PICTURES FOR MORE ,1,0.99,For parts or not working,Unknown,Unknown,White,Unknown,Unknown,12577,NA
,0,63,For parts or not working,Unknown,Unknown,Unknown,64,Unknown,12578,399
,1,35,For parts or not working,0,None,Black,16,iPad 4,12579,299
THE FRONT GLASS IS CRACKED. Power/Unlock button does not work,0,65,For parts or not working,0,None,Unknown,16,iPad 2,12580,199
,1,0.99,For parts or not working,0,None,Unknown,16,iPad 2,12581,199
,1,29.99,For parts or not working,Unknown,Unknown,White,16,iPad 1,12582,149
,0,30,For parts or not working,Unknown,Unknown,Unknown,Unknown,iPad 1,12583,NA
,1,75,For parts or not working,0,None,White,16,iPad Air,12584,399
,1,99.95,For parts or not working,0,None,White,16,iPad mini,12585,209
,1,0.99,For parts or not working,0,None,Unknown,32,iPad 2,12586,249
,1,89,For parts or not working,0,None,White,64,iPad mini,12587,299
It works but there is something wrong with the I pad. It will shut down and reboot on its own and ,1,20,For parts or not working,0,None,White,16,iPad mini,12588,209
Please note that this unit is in great condition but is locked under another Apple ID,1,149.99,For parts or not working,Unknown,Unknown,Unknown,Unknown,Unknown,12589,NA
,1,75,For parts or not working,0,None,White,16,iPad mini,12590,209
,1,50,For parts or not working,Unknown,Unknown,Unknown,64,iPad 1,12591,249
"Please note that this unit is in working condition, but is locked with another Apple ID",1,99.99,For parts or not working,0,None,Unknown,16,iPad mini 2,12592,299
,0,350,New other (see details),1,AT&T,White,16,iPad mini 2,12593,429
,1,49.99,For parts or not working,Unknown,Unknown,Unknown,Unknown,iPad 3,12594,NA
turns on fine but Icloud locked. Broken screen,1,9.99,For parts or not working,0,None,White,16,iPad 2,12595,199
,1,1,For parts or not working,Unknown,Unknown,Unknown,Unknown,Unknown,12596,NA
"iPad restarts every 3,4 seconds. We are unable to reset it. Item is in very good cosmetic. iPAD ",1,0.01,For parts or not working,0,None,Black,32,iPad 4,12597,349
Touch screen on this iPad is not working. Home button does not seem to be working either. Selling AS ,0,106.95,For parts or not working,0,None,Black,16,iPad 2,12598,199
Cracked screen.  Has difficulty charging.  Good for Parts/repair.,1,20,For parts or not working,1,AT&T,Black,16,Unknown,12599,429
,0,220,For parts or not working,Unknown,Unknown,White,64,iPad 3,12600,349
Front screen is broken. Is in full working condition.  Works great!,1,85,For parts or not working,0,None,Black,16,iPad mini,12601,209
"Listing is for an iPad Mini Framing and board.  The ipad powers on, but the board has issues with ",0,49.99,For parts or not working,0,None,Unknown,64,iPad mini,12602,299
Locked with iCloud. No password. Can be operated. Cannot be reactivated. Find my iPad is ON.,0,99.99,For parts or not working,0,None,White,16,iPad mini,12603,209
,0,125,For parts or not working,0,None,Black,16,iPad 2,12604,199
,1,0.99,For parts or not working,0,None,Unknown,32,iPad 2,12605,249
,1,0.01,For parts or not working,0,None,Unknown,16,iPad 2,12606,199
Locked with iCloud. Cannot be activated.,0,79.99,For parts or not working,0,None,White,16,iPad mini,12607,209
,1,0.99,For parts or not working,Unknown,Unknown,Unknown,16,Unknown,12608,299
"LCD is cracked, otherwise it works fine.",1,110,For parts or not working,Unknown,Unknown,Unknown,16,Unknown,12609,299
,0,114.48,For parts or not working,Unknown,Unknown,Unknown,Unknown,Unknown,12610,NA
,1,10,For parts or not working,0,None,Unknown,32,iPad mini 2,12611,349
,1,9.99,For parts or not working,0,None,Space Gray,16,iPad mini,12612,209
,0,200,For parts or not working,0,None,Black,16,iPad 4,12613,299
"Powers on, but has cracked screen. Includes unit only, and nothing else. Item is defective and does ",0,99.99,For parts or not working,0,None,Space Gray,Unknown,iPad mini,12614,NA
iPad 1st GENERATION 64GB WIFI ONLY. WITH ORIGINAL BOX.  SHOULD BE GOOD. BUT HAS NOT BEEN TESTED,0,150,For parts or not working,0,None,Unknown,64,iPad 1,12615,249
"Bad screen, bad home button, displays. Includes unit only, and nothing else. Unit is not icloud ",0,69.99,For parts or not working,0,None,Black,16,iPad 2,12616,199
Cracked screen on top right corner. Item sell as is.,0,139.99,For parts or not working,0,None,Unknown,16,iPad mini,12617,209
,0,119.99,For parts or not working,0,None,Unknown,16,iPad mini,12618,209
,1,80,For parts or not working,0,None,Black,32,iPad Air,12619,499
"iPad is in good condition, has minimal wear and tear. iPad will not power on. SOLD AS-IS! FOR PARTS ",0,49.99,For parts or not working,0,None,Unknown,16,iPad 2,12620,199
"THIS PRODUCT IS ICLOUD SEALED / ICLOUD LOCKED, UNUSABLE FOR ACTIVATION, SOLD STRICTLY AS IS FOR ",1,0.99,For parts or not working,0,None,Black,16,Unknown,12621,299
Cracked Screen,0,145,For parts or not working,0,None,White,16,iPad 2,12622,199
Crack on screen.  This screen was a replacement screen.  Dent in upper right hand corner,1,10.99,For parts or not working,0,None,White,16,iPad mini,12623,209
,0,109.99,For parts or not working,Unknown,Unknown,Unknown,Unknown,Unknown,12624,NA
"Lot of 10 mixed iPad minis. Colors,models &amp; storage capacity vary between each lot. There may be ",0,999.99,For parts or not working,Unknown,Unknown,White,Unknown,Unknown,12625,NA
,0,85,For parts or not working,0,None,Unknown,16,iPad mini,12626,209
BROKEN SCREEN,0,85,For parts or not working,Unknown,Unknown,White,16,iPad 2,12627,199
For parts. As-Is. Cosmetically in good condition.,0,99.99,For parts or not working,Unknown,Unknown,White,16,iPad mini,12628,209
PROFESSIONALLY REFURBISHED in GOOD CONDITION in ORIGINAL APPLE BOX - COMES WITH 30 DAY WARRANTY !!!,0,249.99,Seller refurbished,0,None,White,16,iPad 4,12629,299
,1,200,Used,0,None,Black,16,iPad 3,12630,249
It is a 32GB model plus 3G but we don&#039;t know what carrier so we are selling as a 32GB wifi.  Maybe ,0,109.99,For parts or not working,0,None,Unknown,32,iPad 2,12631,249
,0,554.77,New,Unknown,Unknown,Unknown,Unknown,Unknown,12632,NA
,0,549.99,New,0,None,Unknown,128,iPad Air,12633,699
Good condition IPAD 2 32gb wifi + 3g verizon. LOT OF FIVE.,0,700,Used,1,Verizon,Unknown,32,iPad 2,12634,379
,1,0.99,Used,1,Unknown,Gold,16,iPad mini 3,12635,529
,0,229,Used,1,AT&T,Unknown,16,iPad 4,12636,429
,0,179,Used,1,Unknown,White,32,iPad 2,12637,379
Great condition,0,219.99,Used,0,None,White,32,iPad 3,12638,299
IPAD 2 64GB BLACK MODEL MC916LL/A WIFI ONLY MODEL.  PICTURE OF IPAD IS ACTUAL UNIT YOU WILL RECEIVE. ,1,49.99,For parts or not working,0,None,Black,64,iPad 2,12639,299
Excellent shape and tested fully functional!,0,149.95,Used,0,None,Black,64,iPad 2,12640,299
Great condition,0,289.98,Used,0,None,White,16,iPad 3,12641,249
,0,72,For parts or not working,0,None,Black,16,iPad 2,12642,199
,1,55,Used,0,None,White,16,iPad 1,12643,149
"Great condition.  iPad only, no charger included.",0,89.95,Used,1,AT&T,Unknown,64,iPad 1,12644,379
"This is a pre-owned device. It is in very good condition and may have signs of minimal wear, but ",0,199,Seller refurbished,Unknown,Unknown,Unknown,Unknown,Unknown,12645,NA
,0,100,Used,Unknown,Unknown,White,64,iPad 1,12646,249
"This is a pre-owned device. It is in very good condition and may have signs of minimal wear, but ",0,199,Seller refurbished,Unknown,Unknown,Unknown,Unknown,Unknown,12647,NA
These items may have a few scratches and dents due to it being previously used. The item may have ,1,99.98,Seller refurbished,1,Verizon,White,16,iPad 4,12648,429
These items may have a few scratches and dents due to it being previously used. The item may have ,1,99.98,Seller refurbished,0,None,White,32,iPad 4,12649,349
This device is in fair cosmetic condition; it has signs of significant wear and tear including ,0,169.99,Used,Unknown,Unknown,Unknown,Unknown,Unknown,12650,NA
New ----&gt; No box or accessories. Full warranty.,0,188.88,New other (see details),0,None,Space Gray,16,iPad mini,12651,209
,0,439.99,New,1,Unknown,Unknown,16,iPad mini 3,12652,529
very Nice,1,50,Used,0,None,Unknown,64,iPad 1,12653,249
"Crack on digitizer near top. Top line of digitizer does not respond to touch. Other than that, all ",0,104,For parts or not working,1,Unknown,Black,16,iPad 2,12654,329
,0,95,Used,1,AT&T,Unknown,64,iPad 1,12655,379
,1,199.99,Manufacturer refurbished,0,None,White,16,iPad 4,12656,299
,0,149.99,Used,0,None,Unknown,16,iPad 2,12657,199
,0,7.99,New,Unknown,Unknown,Unknown,Unknown,iPad 3,12658,NA
"Slightly Used. Includes everything you need plus a nice leather case!
There is a slice mark on the ",0,139,Used,1,Unknown,Black,32,Unknown,12659,479
